y,x1,x2
1,15.58745122,-6.65247546
0,0.359751207,6.680439222
1,0.994188613,9.955301009
1,4.36992157,-4.078358625
1,13.64123276,7.105466034
1,0.099384172,-17.07953208
1,-11.24503603,13.1111823
0,-2.481951871,12.10436126
1,-1.613712242,-2.35248869
1,13.01540594,-12.85863095
0,1.285098164,-10.21928028
1,-1.969560757,13.15920501
0,-2.419515386,-5.421012237
1,2.073311363,11.30686818
1,0.625281683,24.12434851
0,-12.89745599,-2.967374999
0,3.385631204,-10.3942682
0,4.164227872,3.250069238
0,-12.28176503,5.000907766
1,1.595269292,-7.696204727
1,-12.42918132,4.815266059
0,-18.57152833,-10.64882876
1,14.1356356,-12.66637288
1,6.516459825,1.983072721
1,-1.40555025,3.794391076
1,5.161686442,-9.420099352
0,-22.90342828,-12.83469922
1,-5.169404902,17.82184977
1,-6.1097487,14.03757345
0,5.575174474,-2.430962032
0,-13.96854036,-3.181590342
1,-10.26205447,-1.115623552
1,17.81222951,12.6740779
1,3.067318916,-5.195057677
0,4.054966523,-21.55685336
0,-24.48296227,-3.270069363
0,-5.362222912,-1.021746014
1,14.12146675,8.440898655
1,20.12844914,1.53854438
1,17.02944952,2.002860369
1,-17.04833465,3.76539339
1,-8.664727383,16.87583003
0,13.64593476,-22.52147972
1,6.384691774,-3.381828803
0,-6.362695464,2.503927287
0,4.335232552,-12.77917108
1,7.302160019,18.2886449
1,-0.286352454,-6.282836915
1,1.439861577,-9.591034855
1,-1.346957254,25.49273358
1,3.03949923,-11.70712199
0,-18.25859527,3.364624049
1,10.38020714,5.219162217
1,7.029764949,15.35965209
1,-0.135230638,-3.900042285
1,-8.17911792,0.772103687
1,16.74810935,-14.74640961
1,-1.690636463,-9.367971786
1,0.897146883,11.70005005
1,26.00338319,1.408985009
1,31.12823989,5.636748538
1,12.63421117,4.571960173
1,-15.87552906,-4.81523278
1,3.267180716,-19.82583286
1,-9.991782305,-3.837197172
1,2.946522686,10.63014354
1,-3.040893962,11.55569261
0,10.55237089,-11.81186186
1,-14.27265499,9.534261651
0,-24.21033147,-4.037393895
0,6.358465298,1.423702149
1,20.77088398,1.005205007
0,-9.960672546,-5.573030934
1,7.200277617,-3.232797178
0,-18.30760416,17.63964089
0,-13.94257105,1.766502344
1,18.10740711,-3.98438691
0,-3.007436144,-14.99811548
0,-7.450299518,4.580970374
1,6.510439619,-0.833916132
1,-2.116706342,21.12786637
1,2.089778902,-3.230873867
0,-9.642166444,-11.84707516
1,-2.281660131,4.865623481
0,-3.412616496,5.263467631
1,-9.125748519,6.02523224
1,-0.395646712,-0.599788516
1,-8.768242212,-0.66348509
1,10.89302127,-5.657687945
0,-5.227830449,-16.66410065
0,-8.436110097,-9.282096637
1,8.464002726,9.558796373
1,1.127145193,-4.225094871
0,-13.71383023,2.802177393
1,23.9696709,-22.94463128
0,-9.243627958,-20.0613619
1,-1.069512954,-2.767448135
1,12.47355973,2.42591505
1,-2.044445121,-2.407749353
1,6.626758326,-22.75802655
1,18.021553,25.39439711
0,1.497403976,-9.886850139
1,-8.231858194,-9.955918825
1,-8.031112002,15.96904068
0,-4.930028974,-7.568213841
0,-4.133039612,-9.205581444
1,8.3993172,-9.520010582
1,-5.977110379,10.4372517
1,7.140657396,10.88182678
1,-0.532763282,-11.51890006
1,6.723239199,1.87958629
1,17.10509738,-18.35477695
0,-1.995511123,-9.321906066
1,8.155449855,10.67605667
0,-0.642036398,-15.83892617
1,-13.76951703,-10.61512311
1,0.96007331,-9.655554422
1,-2.92202409,3.290769709
0,-2.155572765,6.588750873
1,-6.002008863,1.875087887
1,1.045737964,3.885715183
0,1.564044197,-6.020911002
0,-8.422729775,-8.827635499
0,-5.613096962,12.21397365
1,16.41854993,-6.889522026
0,-8.708262607,9.994080255
1,16.5664395,12.09156603
1,1.46108533,-13.12908067
1,6.013970214,8.369370005
1,-5.541451962,7.503470783
1,6.821540862,11.59715198
0,-8.944574958,-9.810226815
1,-1.365536045,5.567561736
0,-0.835859206,2.126925999
1,-0.429174445,-12.63824914
0,-6.842182913,-1.726014748
1,-3.19932509,-3.183258574
1,-0.116201622,7.478290091
0,-14.95350302,-5.8238715
1,-0.812141413,-1.40536894
1,-4.68502216,1.391290057
0,-3.615346465,-13.0966694
1,2.031293093,-3.323658272
0,-5.96380325,11.72587683
0,-11.11316795,-7.827452944
1,15.12785841,-0.867082833
1,-0.673107121,-1.160246124
0,-16.511371,6.790403158
1,-7.76389475,8.163470937
1,24.48349301,-5.79207348
1,-3.094091785,-3.544984018
0,-21.50214088,11.34310862
0,7.944486868,-13.54369443
1,9.870701821,-12.39408732
1,6.401788967,-5.267994409
1,5.486972789,4.657858337
1,6.8009076,-8.334060554
0,1.880549535,4.336168
1,12.83763268,11.14612045
1,-1.537847246,-1.649977134
1,7.401064199,6.974005945
0,14.0971148,-12.38168785
1,-4.040480125,-2.633323597
1,3.169254403,9.179396928
1,7.437108886,4.310044285
0,-10.39234109,0.284551311
1,14.0304236,-4.501394919
1,-10.17475419,4.86916676
0,-17.79729869,-0.867970294
1,5.359510681,9.145817392
0,-3.40335911,-7.318060152
1,-9.911094538,-10.08768032
0,-5.318829609,2.736806267
1,19.70976224,-3.474252547
0,-4.84072194,3.35513458
1,-6.640543851,8.20240411
1,25.62912908,-9.519819307
0,-6.093379064,5.438957783
1,-7.462062283,7.229780384
0,9.492512359,-17.51784711
1,17.58878953,-6.677891453
0,-2.547433955,-7.740383742
1,-4.465459293,21.36286579
1,5.93509227,-6.378673499
1,7.293576436,-15.2883305
0,-2.50176409,-2.788499577
1,1.977528769,-7.162581543
1,-1.827447066,-1.232269561
1,17.87977173,1.908711795
0,-24.32728019,8.980227733
1,15.19265486,5.137000549
0,-13.45703376,-3.583364109
1,-0.571149908,4.62753192
1,12.31577226,11.4248537
1,-9.281493918,7.646979987
1,18.08085129,1.43621034
0,-4.936247625,-8.030935517
0,-16.73902947,-2.215639353
1,-13.85577777,20.38720576
1,17.44276217,6.090763914
1,-10.91719125,0.55487191
1,9.966298905,-10.19606194
1,-11.418123,6.983217825
1,17.09746825,7.547585886
1,17.04211886,-3.687985065
0,-20.24021577,-3.915188719
1,13.21274344,13.10867115
1,-3.274754012,-4.690545667
1,-4.455239195,4.182906445
1,-9.531947281,3.15428416
0,-15.97577133,5.809849801
1,8.151909611,-6.061800451
1,0.480974419,8.729899799
1,-13.00190071,5.360160736
1,9.087102244,4.612274939
1,7.073278502,3.351119269
1,1.932272684,4.043454656
1,8.7373532,-15.29312092
0,-3.369791957,1.594733616
0,-15.15876565,-0.575291281
1,-13.61806854,20.05959539
0,6.217780323,8.718249074
1,22.54706634,-12.63694117
1,8.244144161,-17.43250514
1,4.778078598,-1.03381393
1,-5.40618903,10.95659349
1,4.692081992,18.4675819
1,8.800872806,12.3690064
1,6.569704977,12.56157291
1,5.970568365,6.551157589
1,-6.434255816,-1.707879125
0,-4.332084257,-6.084487615
1,7.857422199,17.69388185
1,4.657927488,-7.651245884
1,-6.762224567,8.720316802
1,0.156887818,4.381400966
1,13.01238316,-2.872824708
0,-11.2790787,-6.32839027
1,4.117821194,3.46380948
1,12.64647411,14.33618019
1,0.256505446,8.555636699
1,2.069040361,-4.632130422
1,-1.530864374,-3.557437508
1,-4.114325897,11.3507236
1,-4.318410277,-3.292885046
1,14.22978559,9.525272101
1,-2.897998804,2.141729642
1,-1.798000814,-11.93414604
1,-2.811071412,6.246289977
1,-8.313958079,-5.79081665
1,1.12261432,6.296201481
0,-9.599193632,0.435359521
1,0.263108313,-8.305750267
0,6.976123407,-6.537558529
1,-6.782321908,6.431055793
1,21.57772874,-22.33186322
0,-9.394874929,32.22311641
0,-4.166730221,6.477869146
0,-8.332067141,-0.19016192
0,-15.44577346,-20.56501532
1,-1.081443819,16.17291184
1,-1.936243553,4.004587384
0,-4.228150538,-7.866305187
1,-14.85629284,1.627640551
1,-3.476814841,-11.88971138
0,-12.09969728,3.189552723
0,-16.03103314,-5.941765433
1,1.721651309,11.93828675
1,-6.110046992,-2.369753612
0,-24.00575033,16.0370167
0,-3.766948272,-20.21302977
1,0.49307783,10.43925145
1,23.28069998,10.85054387
1,0.165325886,-5.309013301
1,1.453053152,0.911255216
1,-2.606053838,15.10132435
1,-0.977039221,5.618720247
1,15.51783059,6.843749533
0,-12.45371678,-8.461670235
1,8.757334432,-0.723368282
1,5.759391727,-6.010553173
1,-1.89137238,0.472049945
1,10.90402881,-18.59935712
1,-11.0714663,1.350807416
1,13.81291178,2.624449988
1,7.926443458,-3.392222764
1,9.291943462,10.37992607
1,7.466291345,-20.89391635
1,8.391924151,3.652943843
0,-8.836686599,-16.4830924
1,7.775438429,-11.6747207
0,-20.64160285,-28.25627444
1,21.9237175,5.193720052
1,0.362883643,-8.649419594
0,-3.549930773,-6.002979718
0,-13.21381432,8.695226382
1,8.952624513,-1.754974944
1,5.022426878,-19.12594037
1,-6.855356568,-11.50195418
1,15.24231323,0.706286806
1,-4.256187769,13.78302258
1,-5.496149092,0.30852202
1,-4.313121404,4.510358992
0,-6.086952195,-4.635154417
0,1.198586828,-11.0875661
1,-8.651879548,10.21666494
1,-5.899827052,2.826202524
0,-4.926194707,-21.16085599
1,-4.566954275,9.945550245
1,-4.61912765,0.730750001
0,-11.69589507,10.48156635
0,9.947789238,5.315278061
1,2.211077651,9.514435592
1,17.72683,-10.68581207
1,2.444890697,-15.49603969
1,-0.068911248,-5.467531984
1,8.042515575,-3.920613329
0,-11.92425964,-11.67667897
0,-0.496431783,5.10891838
1,-2.581494677,5.199261949
0,-9.856754346,-1.403815455
1,-3.899283892,15.86053329
0,-6.973973945,8.220590427
1,8.188378211,15.46674737
1,7.744051785,-4.319298069
1,-7.720945717,10.8012988
1,3.919602724,-5.147795105
0,-16.15500165,6.514941951
1,2.840779626,31.77367542
1,-5.432650952,-4.321650858
0,-8.826972878,-14.40607009
0,-4.162448377,-1.587186306
1,0.162269135,-14.90576459
0,-13.64369338,0.506683572
0,-13.07672555,-14.82636766
1,1.364840217,-4.145752167
1,-13.79997257,-0.23643303
0,-4.854223263,-5.092188588
0,-12.48990204,-12.29066413
1,12.00392026,0.135360741
0,-11.50845921,8.796912481
1,19.7742877,16.61275981
1,5.92332131,12.61631494
1,-6.453709515,13.55193379
1,8.136758182,3.090533074
0,-11.95108919,13.12474752
1,-11.96529692,-4.812600636
1,-5.905994514,5.921395055
1,27.56714842,-11.19300368
1,-14.16042401,-2.306584826
1,2.176588317,-8.05364321
1,2.235188572,2.501693073
1,13.1435384,3.593864285
1,4.150673683,-3.113375299
0,-20.30645958,7.900385323
1,-0.04615078,-9.605623595
0,-9.596695572,-0.199863124
1,3.663129967,10.94560601
1,-1.198446035,9.205334108
1,-0.924574326,5.900435389
0,-12.75421152,-8.326007082
0,-1.501308017,3.630758381
0,-17.47098324,-17.35856939
1,16.39680772,-13.22943489
1,7.336801946,-9.302012763
0,-0.029999794,11.46798445
0,-13.5581443,-10.07166412
1,1.697127789,0.669651275
0,-2.681943309,-4.871662256
1,-4.728661462,1.828193973
1,4.611867139,6.587320598
0,-4.188404526,-4.967581075
1,5.354974158,3.171821231
1,-13.12362129,14.28773949
1,-11.15170663,-9.168865692
0,-24.47577891,-7.635068033
1,-1.65354929,-11.52889854
0,-15.01481186,-11.86849468
1,11.14644173,6.28070232
1,2.882475061,0.234904719
0,-2.067556141,-12.59938032
1,7.129847237,-10.03208125
1,-12.05937479,7.730385044
1,-0.562690569,-5.059099593
0,-5.15655324,-4.898726902
1,1.776341115,2.756540518
1,12.64227024,7.626511201
1,10.21482694,-12.40338415
1,-6.706744348,6.779100233
1,-4.94630517,-1.017771374
0,-19.3141884,15.26332289
1,10.65332225,-10.51597041
1,0.399500512,-14.39434585
1,5.378832126,1.135446485
0,6.855547696,-15.06369147
1,15.35679442,-16.81578005
1,22.10933166,-15.53070863
1,-7.881229956,20.97545511
1,8.595554425,5.929263365
1,4.709086843,5.679864774
1,-6.951354277,21.39504701
0,8.765913613,-1.27925444
1,15.42323515,-17.26446654
0,3.382557328,-15.61545647
1,6.232206609,-1.492030232
1,-4.709580956,10.54798632
0,-10.14840273,-6.892718764
1,11.45816148,2.046474734
1,3.172318748,-2.920108035
0,-3.263728092,1.188658894
1,6.81649061,15.32001317
0,-11.59121762,-10.50700917
1,-1.589640982,-5.498781221
1,4.315852903,10.99062504
1,-8.523311639,8.670350395
0,-4.711847029,-14.36811443
1,10.16849496,3.512480935
0,-9.385681117,1.606362617
1,0.957773724,2.326728039
1,3.790714383,3.463268873
1,0.753443352,1.597994978
1,16.02881034,13.14880093
0,0.82940231,-2.124241901
0,0.013265016,-8.814700014
0,2.612295903,5.083936599
0,2.530041701,2.155096173
0,7.780009312,-13.20016864
1,8.28395866,10.31743224
1,-9.969221354,12.29092822
1,0.666465454,-16.86691791
1,2.428934977,17.13155845
1,3.124549979,5.381941029
0,-7.984646167,-19.79548127
1,-7.544866843,7.585326856
1,-7.271673798,7.397084353
1,10.38045799,-6.259672907
1,7.697791688,2.85609055
1,-5.444845551,-3.701606072
1,-14.93294709,13.38942509
1,18.04450773,-4.043217949
0,-16.28181449,-1.908417959
1,-1.032994947,4.614395461
0,-7.171679033,6.923108575
1,11.09982214,-9.367945034
1,16.94745015,0.336573871
1,16.7626441,-10.66224675
0,9.206063042,-2.04863365
1,3.745187843,-4.964944851
1,-2.401430183,-8.005496398
1,-4.631919651,-3.651984944
1,7.610133351,6.805684856
0,5.419994818,-2.193772374
0,-1.245019146,-11.15875222
1,-7.432854795,-11.81649567
1,4.726831633,-6.942495174
1,4.036169289,-0.164876758
0,-0.573223835,-4.292340375
1,-5.147398091,-7.013891456
1,12.37782736,21.54901698
1,7.914671946,10.94967798
1,-15.19734477,3.232495846
0,12.90072387,-8.515316834
1,-3.545027602,13.02562143
1,2.92131996,-20.46190558
0,-5.682370877,3.817265681
1,3.866560661,-9.301675635
0,7.050808103,-11.23602763
0,-9.634360274,2.599751523
0,-2.031048818,5.568458835
1,-8.675759142,5.319628993
0,2.656585083,-9.190799553
1,14.18015576,-13.19212137
0,0.684972597,6.097087047
1,-4.9562264,21.69860735
1,7.89390292,-6.115087406
1,-12.30323735,17.83840956
1,12.18848977,-12.04401361
1,1.184251914,-9.396550596
1,4.678676212,-1.052901441
1,2.393466477,-4.50726657
0,-20.66146356,-0.227833219
1,-10.7767762,-2.859897757
1,-9.740328301,15.59391198
0,-7.944447647,-14.3555102
1,0.600519258,10.45617046
1,-10.69031248,3.712292299
1,5.568223108,-13.790009
1,-2.609317913,-11.1424091
0,-9.501385249,-4.627282048
1,0.962815236,1.104777949
1,-2.095690145,1.795865292
1,-7.194198764,-5.948276364
1,-3.467708033,4.943494476
0,-16.6850803,-2.125200226
0,-9.725580133,5.480570563
1,-14.42373688,11.80586241
0,-11.05233645,-10.22262746
1,-9.904954277,0.479170851
0,-3.5892079,-4.977117546
0,-6.836980158,-8.302578073
1,10.71413819,-1.512076684
1,-9.324826472,3.382880122
1,13.86146149,-13.81714712
1,0.796396797,-9.964077001
1,-13.66476075,15.68029544
1,9.350214904,-7.880392777
1,11.73668118,10.14117396
0,-18.64253433,-7.149574794
1,-11.74397443,-13.33471796
1,3.530560149,6.83673281
1,5.850079092,-0.132040727
0,0.032363982,-8.214300978
1,21.31940755,0.085112491
1,5.612627459,-0.983056034
1,21.86771096,14.24151485
1,-9.801790123,10.09321442
0,1.30134912,-2.43881915
1,5.923725803,-13.60768369
0,-18.42981673,-3.271226227
0,-6.014722084,0.712852683
0,-13.75287537,2.677551287
1,-0.780212838,-0.169599653
1,-1.521468352,0.811975866
1,1.288929472,-3.856646133
0,-12.84565791,-10.23499191
1,17.49149662,-11.80091738
1,-11.01203892,9.25383581
0,7.888327514,-2.506912119
0,-11.78670676,5.556827945
1,9.684244786,14.91040858
0,-6.75427716,-18.83285339
1,4.660396797,-3.491102613
1,3.677981498,-9.404881029
0,-12.0295668,-4.423803599
0,-5.794298412,8.158602309
1,5.467859647,2.611548346
1,18.96635148,-10.87738674
0,-18.32227906,3.188294824
1,-5.860353368,7.948557274
1,11.28399641,-3.488422392
1,6.911324812,-4.027537746
1,5.070460935,-8.931763327
1,3.737747583,3.68492819
1,7.132579409,-8.089257569
1,-5.656564382,7.751360797
0,1.291338879,10.76949608
1,-12.1327851,-18.96473865
0,-26.25281878,-8.858098007
1,-1.28745532,0.795200641
1,-3.321270403,17.63996982
1,11.171469,16.59656233
0,-17.08623191,16.10355565
0,-6.027256369,-18.88961244
1,0.371702632,-3.379395386
1,1.257389551,10.64096684
1,2.650887614,1.377292538
0,-2.901590787,-10.98895487
1,5.584627095,-8.301411517
1,-14.47937898,6.353452247
0,-3.509190098,-4.815528701
0,2.902780183,-0.600694154
0,-12.4944015,11.97923746
0,-0.575031342,-14.43735533
1,-1.296913858,-17.68914516
0,6.126034161,-15.19944735
1,-2.249856013,-12.05521402
1,-17.10793942,8.307360414
1,5.25031822,6.607299204
0,8.683570123,-11.14887862
0,1.139682752,-7.215175318
1,-1.548029835,-3.68430572
0,9.832766755,-17.9159844
1,-9.387701871,4.360354121
0,-7.425991637,-11.99076485
1,17.56811433,-2.919188255
1,-2.879037262,3.082146943
1,-14.11439876,-0.079159615
0,-9.119931832,-7.454071494
1,6.099009336,5.048047767
0,-0.510737065,-16.23607834
1,5.237999795,-1.788504926
1,5.236238444,-4.871960999
1,-4.924865507,3.484002819
0,-1.770811673,3.571243891
0,-3.860844748,-2.406496508
0,5.768280688,-5.979084641
1,-2.901569587,-6.449713295
1,7.722432396,-15.91613374
1,10.98049596,-5.448067049
0,-9.286713085,-10.18905686
1,6.343715736,-10.7817039
1,-13.96808435,10.31649495
1,7.893335908,-9.605537101
0,-16.63744303,-3.810999236
1,-12.80094679,6.225926474
1,-22.1218763,11.18963462
1,-4.190923551,-7.850714035
1,7.975737181,6.999081054
1,1.187883672,5.195998847
1,-4.275119859,4.105101229
1,16.5863164,-3.902731053
0,-12.64235853,-5.544666242
1,0.382545246,8.500578444
1,12.22440466,14.61440136
1,6.073722136,19.2712563
0,-1.690340668,-9.309117037
0,-4.823094234,-16.86898513
1,-0.221057235,6.023561315
0,-10.43857446,-2.279945041
1,14.49080988,5.525666818
0,-2.622421901,1.45815902
1,-15.30203312,9.010920291
0,-13.04779185,-8.033766166
0,-18.04225418,10.3674501
1,15.41309901,4.980969335
1,-0.584969563,16.14330418
0,-5.453122194,-12.40333016
0,2.29115788,-5.932434684
1,-9.474475852,10.35904871
0,-14.44428333,-1.986592749
0,-6.005661155,-2.578724169
1,0.644084866,-1.731785701
1,8.993626411,-7.328646929
0,17.34231027,-1.341396163
0,-6.298161361,3.510496337
1,7.200760508,4.282133927
1,2.550455559,9.946794113
0,2.066952135,5.477344482
1,10.62365669,-16.59149745
1,6.532535687,4.920821047
0,-6.336904017,2.849968029
0,-3.630604209,3.775300258
1,10.92400879,9.465001192
1,-4.316445177,-8.57842324
0,-13.59678199,-4.939215787
1,3.531098675,10.47591981
1,-4.928739646,7.219961659
1,4.265718335,-11.55655083
1,-5.1349669,4.241732224
1,2.179001707,-21.29326227
1,-0.03151988,-10.95846337
1,-25.49740061,7.206764647
1,0.166872176,15.2756777
0,5.302953714,1.069642012
1,10.84737137,-3.629282964
1,1.434086137,-3.489765325
0,2.437253347,6.707640195
1,15.80278267,-6.878636316
1,-13.67524316,12.13060753
0,4.653442234,-18.30637487
1,2.288992335,-3.007475633
0,1.466420289,-8.066865327
1,1.525369587,1.298913333
0,-12.44170969,-10.58159977
0,-9.215599885,8.99733308
0,-26.48394601,-9.550054189
1,9.808355698,14.51944338
1,-0.657333841,2.047304196
0,-1.218312829,-13.01932998
1,-9.957074999,-2.247782746
1,10.62061264,-19.19925427
1,0.468099465,9.512322291
0,-1.19037091,-14.62413678
0,-20.47273292,-7.636659126
0,-5.125537185,1.029559255
0,-3.042461756,5.48822974
0,-2.79470483,-20.81552358
0,-8.721316317,-3.177147175
0,1.100658568,-13.95356727
0,-8.285291874,8.561399995
0,-9.543350099,-15.00789428
0,-13.57924756,-9.086683607
0,-16.59980583,7.206165166
1,0.163794399,6.917971262
0,-11.09395278,-6.243088376
0,-5.375622509,-2.809895838
1,-4.18626665,6.514115395
1,12.71146355,8.088115753
1,7.628920448,-13.86002229
1,10.34013651,2.003868571
0,-7.357276477,-3.61693214
1,-11.61418033,6.526581048
1,14.33041316,-2.646750485
0,5.537796241,-11.99190975
1,4.693682228,2.601985186
0,10.3392078,-4.592681497
1,-7.428598746,3.398494663
1,1.886018902,9.636777009
1,4.220885168,-6.547706726
1,16.72985618,-5.549546266
1,13.13942687,-1.720463637
1,-12.05312,6.257713792
0,-7.586682893,-4.883037064
1,5.818641038,4.177735558
0,-4.976785977,-2.117537268
1,-3.212749328,1.193048709
1,19.14524207,8.766686147
0,-10.44738849,6.282969095
0,-11.7564113,-12.90969363
0,-1.373471973,-1.702232849
1,11.51405518,8.186248502
0,-6.160746206,16.42596379
1,4.094872218,7.720846548
0,-3.13083157,4.12912316
1,-7.247550326,-4.232513987
0,-14.86098046,-2.457008858
0,1.669729344,-14.44158233
1,14.08737792,6.406109553
1,4.060528894,-13.60698498
1,-7.191304558,11.78756437
1,0.37830725,-10.8756008
1,-0.763261791,8.610968863
1,1.666483781,1.407963568
1,14.45473068,-13.35474047
1,-4.393374823,1.104611157
1,12.75393752,-6.196920194
0,0.160788052,9.600069397
0,-2.815002218,-2.005603876
0,-5.88784387,-6.496410689
0,-13.62774616,-18.62975091
1,8.69520222,-11.65297472
0,-2.127259319,0.729499701
1,2.735837697,20.25220706
1,4.893114718,7.763173641
1,-12.86811244,10.12691185
1,13.82631811,-1.846012952
1,-11.1986113,11.96047482
1,15.19853614,2.297795707
1,13.686247,15.36473212
1,8.787161949,-0.619636341
1,7.135250024,-0.841762762
1,8.330158651,-9.319790367
1,4.234730135,-7.861364326
1,-9.76224503,-6.261792296
0,4.423815563,-16.75644234
1,8.53088225,5.128675564
1,1.669399325,-1.032125119
1,-1.797643245,-1.830539768
1,7.609067005,9.29435239
0,-16.60311995,-12.4302757
1,11.62469471,11.16980177
0,11.2068477,-10.91485833
0,-17.24906241,-20.76158172
1,-16.78456268,-9.397921027
0,-1.704130581,0.276029326
1,3.310853022,-0.964882107
1,0.461781336,6.908368628
1,1.005896772,-1.321551632
0,-5.625209814,0.17798264
0,-6.521665409,-2.598840249
1,3.673435579,7.797000822
0,6.206931363,-19.20524653
0,-5.372973192,9.241717375
1,2.535495096,-1.05152618
1,2.823210905,7.161399629
1,10.32468214,4.41890724
1,6.734058391,-0.690593794
1,7.047064704,13.77447225
1,-3.095922422,-1.923741671
1,0.959434681,10.02071926
0,0.419910193,-8.475343987
0,-10.18511678,-6.353974274
0,-18.71621647,2.385589536
1,10.57209448,-12.4915295
1,21.60680086,15.55906001
1,-12.25626884,11.25147911
0,-1.726189191,-2.066577712
0,-3.188058075,4.356084188
1,9.123370616,3.83223685
1,-2.440063283,-1.467326318
1,4.979468187,-3.483741439
1,14.76999318,-11.57497325
1,-9.760590369,-2.25933742
0,6.870424457,-11.8252427
1,-4.357204578,13.08974011
0,-1.275407213,-10.53456641
1,-8.201151387,-4.83118506
1,7.370097638,-3.101931534
1,15.40388076,13.33688637
1,-4.134761163,5.498998633
0,-13.99659335,3.34400722
0,12.12064122,-1.126225984
1,-4.34111132,0.666751067
0,-14.09666459,-2.12621289
1,4.72262483,1.975004251
1,-11.31464155,-2.504417848
1,13.21591306,-0.13825367
1,-3.736841766,3.929385523
1,1.982635625,1.492492478
0,-5.813867201,5.467867386
0,0.769337773,6.13280052
1,12.28254799,7.013415184
1,3.546014211,3.452566467
1,-9.952205842,6.318573122
1,-6.217704689,-7.266447921
0,0.978968813,5.476852926
1,9.12636118,4.625611364
1,-6.093602199,2.215583986
1,-3.455236208,1.723260006
1,-0.802683385,6.246005136
1,-14.61262247,17.39121042
1,25.91618099,7.068819869
1,-6.928557427,15.1804473
1,-7.461030031,-5.335876513
1,11.17715436,-13.5194875
0,-26.81244332,2.560729814
1,8.043493118,-9.452876759
0,-2.797098476,-10.85785236
0,-4.236728407,-5.359980031
1,-11.90925868,8.598445251
0,-10.25528199,-9.242546733
1,21.75044218,1.423164249
0,-4.14191846,0.716509924
0,-11.44120553,8.56871775
1,-0.675856033,-12.5823054
1,-2.151359043,6.516609902
0,5.118104912,-7.690899919
0,-17.9552034,-10.35463936
1,5.713950147,6.890438306
1,9.808058975,9.637328669
1,-4.065344975,-1.775394648
0,-14.63793439,-4.573204977
1,10.94313351,-0.919623481
0,-9.275759477,-7.869912191
0,-1.382890937,-16.90276011
1,5.24449608,-0.853069545
1,1.10676657,3.428696353
1,16.79381301,-4.507052337
0,-10.66927988,14.70116262
0,-17.71561808,-8.760807574
0,-0.600275356,-11.80442962
0,-13.17875859,10.18279787
0,4.384530586,-20.85704113
1,-1.820590113,6.001378282
1,-10.1973139,3.1084668
1,11.61811577,8.881564632
1,-2.95909817,-7.568169285
1,7.154554962,-15.00576378
0,-6.705342151,-2.847513218
1,-0.916246007,19.02703578
0,-6.239868968,-18.18303668
1,17.20033673,-8.925821152
0,-2.770061247,-5.682234269
0,-6.96336115,2.699728417
1,8.33897,-0.200650724
1,-5.600444062,-3.090900076
1,-2.611099251,17.09251727
0,-33.347249,-4.640958111
0,-13.54639295,0.635652429
1,14.5894337,17.58831958
1,-0.991413223,2.561005579
1,1.434640606,23.62920178
1,7.349731466,-10.70779483
1,7.664153062,14.02043238
0,13.32954274,-36.85318578
1,5.231184455,3.763679383
1,-5.635948111,0.658684686
0,-7.656579057,3.842715649
1,25.83340939,14.81766826
1,7.931791494,1.163394174
0,-8.566160568,-3.654597751
1,0.778282316,-1.672586913
1,-2.246710273,2.977275947
0,-7.222684079,-5.153951094
1,0.47516924,4.417282105
0,-5.396314252,-3.299155098
0,0.898676804,-1.834967147
1,6.491040495,-7.433486105
1,11.71569814,-1.856889973
1,0.654385803,-8.783041345
1,3.614482062,0.194622505
1,15.76943679,12.50098674
1,0.241608566,17.86768155
1,9.19501695,1.288778762
1,-8.837198181,-1.022130068
1,12.47521532,4.850950171
1,6.170693267,15.33323924
0,0.537798597,-15.38888085
1,8.706382593,-13.6650236
0,3.83962135,-18.93161301
0,-22.312629,8.794302582
1,9.960828878,-7.44269092
1,-0.738941198,-8.72714221
0,-9.363723129,-20.08755832
0,4.626494789,-9.677358755
1,-1.363527419,6.101070354
1,7.981287423,4.3255758
1,7.639147661,-3.240509321
1,0.820665071,-9.101923851
0,-3.910390589,9.392900265
1,2.144177084,17.11431919
0,-21.41221882,-7.181251826
0,-13.26201852,-0.55627304
1,8.783136344,3.408552686
0,-9.150032523,5.137547741
0,-7.420599948,1.582160691
1,11.3369164,0.727821997
1,5.122124547,16.45143298
1,2.45935095,1.350345107
1,-8.078021676,0.832061389
1,8.431394491,5.479313058
1,16.61002189,-7.696755608
1,0.47539905,-11.32224353
1,-5.738611455,-16.20851448
0,-5.967358097,1.08066285
1,0.061184864,3.916134246
1,0.044879694,-4.250791604
0,-12.31854711,-2.695779047
0,-17.16269525,-4.957216015
1,14.20901112,6.394736618
1,-3.016297461,-3.685302851
0,-18.16575068,-5.764633416
1,-2.140925188,-2.390587051
1,-4.691017779,10.17719468
1,14.77015874,-7.81660201
0,-8.628759499,6.841163527
1,12.29902313,19.97926776
1,0.400358629,-16.12257158
1,7.360208158,-0.112377684
1,5.799568189,0.812355387
1,5.72645717,0.736899376
0,-10.07202495,-6.606240334
0,3.491057618,-27.26906747
1,3.718263273,-7.197668809
0,3.751667663,-8.66298386
1,14.48754672,-5.565393509
0,3.185082129,-3.922425053
0,-8.282290066,-6.038112146
1,0.968400442,6.728811337
1,15.73436879,-4.771986046
1,-3.132916105,-4.824933344
1,14.16972634,16.39271849
0,-5.022102814,-10.72386059
0,6.551141668,-2.300369459
0,-6.056854479,-8.032863721
1,1.433811758,-11.52469752
0,-10.77362258,-10.38271951
0,-9.97180307,-0.679542734
1,1.819294415,-3.414047767
1,0.128893318,15.10432633
1,6.785121382,8.423386264
1,-0.848162229,-14.58617986
1,-3.001484756,5.472124931
0,-7.761557652,4.544927505
1,-7.454212758,12.82013032
0,-15.36686026,-14.57934314
1,-11.97588655,19.92700767
1,-7.213137113,15.93900454
1,-2.480108845,0.097749045
1,7.22175059,-6.387676221
1,7.073270932,-11.47923049
1,-7.09177093,1.734938863
1,-10.12372836,12.61510955
1,-3.77995418,-7.526928165
1,3.823733489,-15.90395263
1,10.57135297,-20.95637065
1,1.18360313,19.4612335
0,-6.858132658,-8.596068999
1,15.82749579,7.491760434
1,0.136521407,-0.948384189
1,10.81417409,5.729899068
1,-3.999711135,-6.368090895
1,-0.352853116,-1.674447831
1,14.3846892,-4.413176183
1,4.847007882,-3.746557394
1,6.996098206,3.24315478
0,-10.81990747,-13.05208195
1,13.37343536,5.547299854
0,-17.54013696,-5.449453022
1,-16.03111263,-3.271398789
1,-2.881040042,-0.096934395
0,5.934186856,-7.826032714
1,21.965466,-5.230037166
1,11.20897109,-16.56992591
0,-6.026804705,-0.459030155
0,-6.644186897,-5.476376904
1,10.40313508,0.833251936
1,15.44486718,-18.69268743
0,-20.69142483,-2.842063065
1,-0.685946787,11.68608971
0,-20.57357538,0.456989605
1,-6.846755697,13.42192729
0,1.267649674,-6.909001364
1,16.08624517,7.948001504
1,4.068872268,-0.242202682
1,-1.89827866,4.639942901
1,6.156112718,4.364835311
0,-4.222364441,-12.03588457
1,5.072762008,4.780281474
1,-3.063699755,-3.181332564
1,-14.6814111,7.862502232
1,-6.863656921,-6.290393675
1,2.221922167,-2.897774074
0,-10.82905685,-6.305493406
1,11.64823802,10.42139946
1,-8.808784667,11.96020888
0,-5.303851782,-13.38575079
1,-0.843071929,-5.222914798
1,12.20390656,0.732833627
1,3.207174798,1.162713038
1,-9.166730083,-5.266953209
1,6.307281039,1.571210004
1,-5.183349474,1.799386483
0,-4.509021634,-5.921597502
1,9.714815504,-0.455166546
1,1.581408965,-13.3013054
1,3.027911005,-9.737138992
1,12.25499389,-7.591012099
0,-17.56613267,-15.21797895
1,16.04756813,2.872710918
1,10.11067394,-2.394642501
1,5.711629429,-2.009748556
0,-9.705774547,-4.925399605
0,-28.87573277,-9.771148554
1,2.298711795,2.923779111
1,-0.730265751,13.79722985
1,-4.641843753,6.197747775
0,-5.062026926,-8.330513201
1,12.29484457,-3.568451392
1,14.51827712,15.4508348
1,5.068785592,5.06656362
0,-14.29547299,-10.03651953
1,10.09771991,10.71006137
1,9.359267,2.181932708
0,-7.410909394,-5.085816347
1,1.226915235,-6.525425809
1,-2.403275386,-7.97767477
1,1.582709827,-3.560277907
1,5.66139652,-15.0869586
1,8.811279611,0.39038549
1,8.177156072,16.2378301
1,6.00829675,-28.00833514
1,-10.86595012,2.760729795
1,-4.244336236,3.418839488
1,8.320805353,-12.23412765
1,3.644744054,6.056589163
1,8.269061657,14.73181875
1,2.52934067,3.868025106
0,-17.93625576,-2.347759201
1,-14.47414806,17.72040234
0,1.10293193,-12.05470303
0,-17.1972587,-3.647782275
1,9.92895821,-2.260646078
1,-6.248521168,8.394033794
1,1.123710174,9.380984568
1,-3.534517709,-4.849850734
1,5.874748077,-1.749881381
1,11.48174308,-2.918392482
1,2.654102469,18.85255686
1,6.439736065,-8.432231473
0,-7.613190564,-3.1538804
1,-2.041692426,5.014359398
1,-3.03527428,11.9496349
0,-27.07570049,-8.690373832
0,-20.34224526,1.100288519
1,4.666417675,13.02613587
0,-23.47077968,-4.23439778
0,-18.8713747,15.58428715
1,12.6438469,-3.366175574
1,5.986552463,-1.991193549
0,2.132763483,12.96522006
0,-13.64810255,-10.98360307
1,1.935256189,7.837998764
1,-6.1309501,-9.952124487
1,2.438735079,15.79459191
1,12.41501266,8.046578865
1,-2.801971627,-0.009504068
0,-0.085292895,-9.281603695
1,-4.056458871,-3.321866732
1,-0.583633657,12.39304628
0,-14.28632611,-1.587819773
1,-2.356413373,15.57672937
1,-17.60712898,7.346935888
1,1.089718103,4.608394666
1,10.263244,4.321368737
0,6.915567259,-13.5057504
1,-2.296245925,7.530003744
1,10.54802491,12.23670261
1,28.31506935,-9.169476856
1,22.98754418,8.851336056
1,4.018035316,5.638942688
1,14.79696282,4.724283837
1,2.526292377,-5.406247758
1,-6.455150143,0.592866934
1,5.369433084,-4.20990501
1,-1.090742821,6.81209596
1,10.12047852,-1.090980176
1,13.32565174,7.770285845
1,-9.37727255,9.427818476
1,-1.556128648,-7.308929457
0,-4.487981073,-19.67786473
1,4.79899016,-9.368852929
0,-15.04450209,5.520301507
0,0.437633462,-9.137834429
1,-3.84244791,3.468007585
0,-2.590578663,-10.76432949
1,9.822355029,-2.976791458
0,3.447427691,0.860067983
0,-3.984663496,15.92737199
0,-11.21622173,-0.966388706
0,-11.71707566,-7.731550045
1,10.8789202,-2.071410341
1,11.98362383,13.05123345
1,-8.477293472,2.728054894
1,-2.712670813,-5.330813897
1,7.371705944,12.33569092
1,3.926317006,-7.03659502
1,-0.831271806,3.918724148
1,0.813575052,6.489583216
0,-3.543320731,1.884443693
1,-3.315487391,-9.246377927
1,5.852978236,3.520586031
0,-5.161534936,-15.40189658
1,11.06162629,29.33057147
1,-4.739864901,-0.775732215
0,-4.096092695,5.255158648
0,-3.0759684,5.92696556
1,-0.618437629,1.406149836
1,14.24483554,-17.19070621
1,0.376714953,-1.513629851
0,-3.00063945,7.296640319
1,12.38183216,-8.413532001
0,-18.50603768,-2.760040718
1,10.17553443,7.884249056
0,-7.878092408,-19.05977848
1,-7.500924528,6.109029567
1,5.563038492,-6.52293246
1,4.089518042,-4.89886936
1,8.170710372,-13.13344973
1,5.509825573,-2.892275028
1,11.94172932,3.939915058
0,-9.990103031,-13.39762247
0,-16.76937832,-3.272740733
1,0.347620893,1.037833124
1,0.770823742,10.78170341
1,12.78419932,-3.227764316
1,-9.293706495,16.74903133
0,-5.441015719,-13.92919643
1,2.855548133,9.534449744
1,-4.277129101,17.88172897
0,10.45646129,-7.71971861
1,8.143578141,-7.209893663
1,-5.684504398,-6.301926908
0,-6.37504912,-5.500662032
1,10.11131253,-1.346218954
1,7.698200983,3.641914203
1,3.499385822,13.09245823
1,2.231867119,-2.512272375
0,-1.224547048,-3.106551575
0,-11.65862342,5.158578849
0,-5.288007871,-9.232549286
0,-11.39955783,6.839364536
1,3.025626056,0.255466015
1,-10.33045383,16.2971024
1,15.11720136,12.59659664
0,0.229343181,-9.21407073
0,4.250238242,-1.233772704
1,12.2269108,-8.504999069
0,0.813688258,-6.560271551
1,-5.663279202,-2.078226482
1,3.314580214,11.27042184
1,9.23874108,1.819546565
1,0.429514972,-18.47521828
0,-3.920054906,-0.978132646
1,7.424706906,8.050044151
0,-5.778376951,-13.1966115
1,7.320446831,2.427133941
1,2.043774953,1.114514764
0,0.190860174,-11.82061553
1,-5.606975477,16.44945067
1,1.629741008,0.956759042
1,12.60941748,-3.385323826
1,-6.297346948,-5.107127136
1,2.200764057,-2.516894986
1,-1.653870475,10.03403799
0,-13.62982513,2.794274151
0,1.563158909,11.45936566
0,0.344146894,-0.189519092
1,3.732764851,-4.88740964
1,14.40862023,-5.608549778
1,3.96E-05,21.38842339
0,4.210970825,-4.356155497
0,-10.81335852,-9.952693642
1,7.160628323,9.03626762
1,16.37998758,7.180066175
0,-16.62780833,0.319204034
0,-4.95588187,-5.005499576
1,11.27946705,10.51954279
1,-16.31066668,5.487708259
1,-0.264410303,-12.25036982
0,2.697121328,-10.26415341
1,-4.106266757,24.66684962
1,-7.522933291,-8.659522257
0,8.418888683,3.717170787
1,-9.88778617,-4.315331405
0,4.501291945,-10.01276275
0,-7.289014082,3.820562357
1,3.790597373,22.7619693
0,-11.16542043,8.720661002
1,8.608252823,-9.46784704
1,-2.098713902,11.6185294
1,-3.498067656,13.48394193
0,-3.032189397,-0.675228385
1,2.128008326,1.000024198
0,5.29815387,-12.49330909
0,-11.28460597,-13.94632007
1,7.274781972,10.48532467
1,-1.593896925,-1.452492839
1,6.858722178,-5.760625645
1,-22.96747583,9.274484384
1,19.64971693,-9.366562449
1,0.782383228,3.247098686
1,21.18301994,5.315532492
0,-17.7644381,-1.708574255
0,-20.62913255,-19.70311612
1,2.96607623,-22.79489835
1,-6.162073907,-0.527830335
1,-1.649669828,2.424760006
0,-19.80885539,-14.95171526
0,13.09376762,-13.15350908
1,-2.592172001,14.76014929
1,-7.488698023,5.511507231
1,5.196122549,23.33000446
1,0.004508972,11.65235999
1,16.58618696,10.98872029
0,-3.879484897,-11.27636573
1,-6.38971171,11.54650518
1,28.40072936,1.632042933
1,9.356223934,7.069116268
1,-3.157053208,2.151644564
1,11.87581874,7.764513622
0,3.837764119,-15.70122919
0,1.677849094,-12.2243605
0,-7.756188541,-18.46216127
1,0.763656916,-5.677304144
1,2.360559629,3.24506657
0,-17.70847267,0.740577621
1,8.324195502,9.420528593
1,9.218611137,-21.20470589
1,-5.508889116,-0.043767149
1,14.63333392,-1.991579303
1,11.59013418,1.386056836
1,9.795155727,-2.051241297
0,4.729676227,-7.870983474
0,-11.61122583,2.836028247
1,-2.782950598,11.51870566
1,4.561917035,-0.965263194
1,-13.34578531,17.52188429
1,9.633280142,-2.534424848
1,-3.982193299,11.43890658
1,1.927290762,9.468748699
1,-1.005107673,-6.811793755
1,9.816979072,-5.06547075
1,5.851661389,15.25655573
1,1.438417087,15.14039666
1,-7.757194645,9.140461469
0,-13.10686306,-8.371233361
1,2.407654306,-4.80215018
0,-2.119803419,-2.724564536
0,-17.53773229,0.407307779
1,23.44445277,-10.14081319
1,8.460760448,1.974930377
1,-1.748112507,2.664015188
1,-0.305871428,6.535782203
1,2.369128395,15.76180314
0,1.897045965,-8.413437154
0,-7.365195785,-13.0873781
0,-8.812526384,-12.82794247
1,-0.966539832,7.001454023
1,2.490068005,15.23180319
1,7.011386119,-12.92297048
0,-15.7088971,-3.46971446
1,10.99542953,1.404703002
0,3.903476466,2.2813179
1,1.363758492,13.96648331
0,0.300064044,4.451380181
1,5.197812237,-8.114500455
1,-1.822228508,-5.742444884
1,-6.351105948,7.801383959
1,7.93253178,-7.226732367
1,-6.529696691,0.505766547
0,-11.53370168,-20.69177174
1,-3.543427048,5.60852075
1,15.09308441,10.74519556
1,-3.211176116,11.72635636
1,9.455126994,0.046335662
1,0.934386083,0.578591464
1,3.416366135,16.26998709
1,3.942165468,-3.87008416
0,-7.766424617,8.727751597
1,17.0255235,-10.07980251
1,-6.488538452,7.722019191
1,-12.58526041,-3.116717265
1,-4.900817996,1.81930024
1,3.218932088,-2.664475307
1,2.873200369,-5.467885963
0,-7.693238077,-6.22070191
1,8.530828701,-10.2991603
1,3.608515382,26.83812182
1,1.302833637,-14.09279908
0,-10.95795753,3.105033037
1,-12.46751907,6.35757691
1,-7.87279608,-2.966244722
1,2.23552151,4.471144422
1,-3.258786237,3.710604849
1,14.51886298,-1.92819864
1,-5.207359591,21.24880402
1,16.25401189,3.511398374
0,-8.559801268,6.384407262
1,3.817566308,-9.067943919
1,-1.660626223,-11.84262119
1,5.58171115,-5.205740296
1,-8.069936374,17.19344203
0,-13.65722971,-2.935770934
0,-9.130082837,1.447979445
0,-21.96345019,-1.042967895
0,-6.852803415,0.324179373
1,12.13062636,-6.056126118
1,0.457112189,-15.00304951
1,-3.671238585,3.321041571
1,-4.96119094,4.259626145
0,-1.135392982,-6.675781304
0,-16.01297838,-6.397118576
1,24.66758641,-3.252278046
1,0.940276521,-5.709803366
1,-9.461015418,8.348621473
0,-10.66734078,4.765225683
0,-1.788737002,8.44348843
1,1.571871323,-10.9980653
0,-3.991202926,-9.83803838
1,-11.1166021,-3.42251949
1,7.176563894,6.702287052
1,6.821934198,-16.5475179
0,-3.414344632,-1.062164816
0,-18.60854523,1.963381628
0,2.630688912,-1.596601913
0,1.196646102,14.26445696
0,-4.403742511,7.428629454
0,-23.53362488,9.6172854
1,13.39411221,-20.89699984
1,19.7188048,7.022328107
1,6.613920228,-2.593538884
1,5.224713662,5.623514354
1,-14.9223818,-3.936982531
0,-2.783009167,-9.514251653
1,3.256901138,-3.075351631
0,1.371065491,6.486939447
1,3.516177473,20.79394888
1,10.87265992,-2.099392045
0,-8.272491273,10.91429642
1,2.027553021,6.913714514
1,-1.667729192,-4.357692372
1,5.216171832,10.35422767
0,3.241952805,14.90467002
0,-0.524983935,-1.495764562
1,11.47522258,-22.55171986
1,0.898505701,-1.316225532
0,-12.88840356,0.73463249
1,1.758934838,9.243156848
1,8.599038998,-8.12609104
1,5.600112335,4.004738984
1,0.096816248,4.064804886
0,-3.775761735,1.44847458
1,2.109962903,2.882051952
0,-24.0231769,-10.21855137
1,17.20968342,9.228462165
0,-7.545167037,-1.165433163
1,-5.113553442,5.227678514
1,-4.863420179,-13.35677258
1,9.382510466,-12.61872645
0,-9.493656401,-1.283668071
1,17.3974423,14.90015561
0,-3.348367057,-6.221563697
1,-5.2864193,-5.432621415
0,-11.70675007,7.643661115
1,-1.508915353,11.67308654
1,12.19743345,-20.90796026
1,4.95307428,8.783448101
0,-11.73115745,-19.330646
1,7.26516697,-3.786994402
0,-4.266361173,-28.29851491
1,12.14470347,1.791255421
1,-5.981167628,2.663051006
0,-14.35246255,-6.70338495
0,19.40041086,1.5623169
1,6.149279367,7.656380814
1,6.617923194,10.33464384
0,-0.334046892,2.393846657
1,18.69720387,0.970848193
0,-10.87407995,-4.707954861
1,13.62063438,-7.834296998
1,0.603052653,18.25435113
0,3.609401014,-3.209359172
0,-23.86444387,-3.245189194
1,13.87134895,-11.63390653
0,-0.416397148,2.453402612
1,9.822444823,3.480035965
1,10.16983804,3.330380804
1,-3.931491616,-1.883511731
0,8.287451198,-5.758850877
0,-10.21689739,-1.626034248
0,0.856920401,-4.529561838
1,-0.856521118,-18.97548886
1,18.98646584,1.673374265
0,-30.28801709,1.46401653
1,8.217132898,-8.989177282
1,-1.800151553,25.96539711
0,-7.533146695,-15.68045752
1,11.95356827,-13.16638294
1,2.933691604,15.21169301
0,-1.428709295,8.363606594
1,6.260815984,5.345859985
1,0.213252671,-4.520810587
1,3.955035108,-4.678612991
1,4.860097797,2.527445732
1,7.171459306,-0.017724596
1,7.299958502,-10.39086308
0,-25.40579922,-2.281308211
1,0.707791652,7.891694938
1,-9.024472841,7.72228815
0,4.356294059,-12.2629412
0,-1.041470144,-13.58995107
0,-9.48275094,2.457932696
1,3.350288155,11.77375412
1,0.512489838,5.366587254
1,11.47455321,-10.86653777
1,9.189094983,-8.453956488
0,-6.329324695,7.51489353
1,11.52968244,-5.969703707
1,7.721302673,-1.62191123
0,-8.932403306,-9.369337503
0,2.776348862,-11.15133195
0,-8.652487902,-8.816490894
0,-12.10008851,-33.47296379
0,-23.31425816,10.75994697
0,-21.13826875,4.511836949
1,-5.012194619,3.221940321
0,-3.256450025,-9.933120758
0,-15.02383556,-0.791349259
0,-15.54566253,5.467063235
1,-7.097678207,23.26639634
1,1.894316402,-8.330871912
1,17.18070826,-2.758352863
1,11.21166957,0.657244515
1,7.670635532,10.44129305
1,14.70274415,7.324594637
0,-1.770970725,4.613771092
1,6.73817258,-7.574137599
1,-11.76341623,-3.460813506
1,13.20454566,4.807331207
1,-12.39128846,-12.38940404
0,-5.291512469,-13.95554337
1,-5.692239592,6.740615587
0,14.32018466,-27.63279775
0,-1.202981087,-1.992139479
0,-22.25026726,1.020985753
0,-13.13697835,-6.594545822
1,14.26150899,12.44518863
1,-11.23154318,-4.050445128
1,9.87529666,-9.993583347
1,7.681441748,4.016561628
0,-9.473000973,-7.999404259
0,0.548748433,-17.17743285
0,-4.223710868,-3.450544202
1,-17.69753668,16.47094995
1,13.43363739,4.210273527
1,14.0252544,-12.58792641
1,-12.29487268,14.26447749
1,-9.362965452,-1.377334264
1,8.353116133,-11.36902137
1,14.92821139,22.68669769
1,16.04960141,-14.72463591
0,-9.431293289,-12.30844982
1,4.903179523,2.522101539
1,8.06491263,5.062196676
0,-11.85896873,0.106308274
0,-7.223447632,-7.359205003
1,7.746587802,-4.259130449
0,-6.16224385,-7.447404871
0,-2.680131942,-17.48787436
1,5.139529102,15.49237811
1,16.24535539,2.917806882
1,-2.866778933,12.41730503
1,-8.789546701,5.651662722
1,-2.300346822,-4.723662894
0,-40.17713562,5.817263001
0,-4.127852622,-5.606758251
1,0.177818215,-5.194525332
1,5.650161281,-1.298752766
1,-5.721265831,3.171553496
1,-4.229856264,10.19904409
0,-16.24957475,-23.20631213
1,0.49482336,14.10477388
0,0.555780769,-22.72293008
0,-22.21513255,11.79745365
1,29.30757984,8.808607393
0,-3.598775239,12.6989121
1,-11.36836714,16.6941936
1,6.295261551,-5.976936478
1,6.476721218,-14.58693597
1,-2.148891455,4.27944898
1,4.767612198,-4.915441017
1,5.378435949,10.73533107
0,2.021105221,-1.73954281
1,13.15570792,17.5653155
1,20.93840203,-1.576218142
0,-13.64873484,11.0943055
1,-3.150733105,-1.842928704
1,-4.955724697,2.523591398
1,7.868178015,-11.69512904
1,-11.17540873,8.267998537
1,7.435184348,12.74733151
0,8.871395161,-8.322775367
0,-5.869588346,-0.716689473
0,-10.41956251,5.297117541
1,16.75126948,0.813137353
1,5.786300881,3.103601037
0,4.334485027,-13.63998034
1,15.13014399,9.262424565
1,-4.876414317,-5.322368167
0,1.025486195,-12.65338066
1,4.522111033,7.867038669
0,2.045030222,0.854593616
1,0.734407444,-14.73413091
1,7.340178812,-8.53702136
1,3.665121965,3.963360267
1,11.46669645,-0.314273665
1,1.154840633,-5.339336662
0,3.016055697,-15.29929367
1,17.46104104,3.160066179
0,-13.06769895,-15.43944291
0,-6.356235855,1.074778338
1,25.24018034,13.56732039
0,-3.358091404,-7.424359144
1,10.68156191,-6.875296443
0,-9.332281773,-6.871489547
1,0.430479351,-5.791082496
1,5.30020664,6.310934879
0,-4.209920882,-4.86486543
1,-12.56749202,9.328378289
0,3.004654625,-0.587193146
1,4.585530604,-1.146239591
1,14.07608125,0.538332403
0,-14.87446298,-17.34805691
1,19.99242435,-5.061993191
0,2.219430715,2.666188705
1,4.374986529,-7.385900724
0,-10.69352924,-13.8583013
1,-9.809481082,0.561213096
0,6.155012051,-6.473648909
1,4.009435638,2.347455587
1,12.59953179,-4.751402248
1,13.23722828,-7.61650458
1,-9.965506133,-2.668911704
0,9.1952041,-0.240707155
0,4.716648708,-16.91267194
0,-3.811291247,-6.947578608
1,13.66773207,1.642264458
1,2.676906502,12.42667502
1,4.020994114,7.362282777
0,-1.534255785,-12.28594866
1,-11.43997928,6.82408888
1,0.289515682,-3.394573935
0,-10.76835851,-1.56823454
0,-2.179434,-17.98732123
1,7.25432338,-2.762949405
1,4.194441432,1.137836731
1,16.01638,-16.16097588
0,-17.01210403,4.62688054
1,19.04255923,-6.04510822
0,-0.308228306,7.739264345
1,-4.566644872,11.10500165
1,25.11658382,6.70194162
0,-10.14022708,15.79888592
1,-16.74782192,16.29857704
1,2.29912348,-10.01312758
1,-2.805927927,-12.38938874
1,-9.666076431,8.43059516
1,-3.613359593,-8.171465992
1,-11.38982581,13.53432095
0,-3.545023496,-9.369358907
0,1.628351876,-15.59280271
1,-5.337066958,0.310460865
0,3.728013402,-3.893331392
1,-3.845685198,11.00231737
0,-7.876054866,2.948425863
0,10.78165766,-12.07138136
0,-19.2650235,-4.306766785
0,-6.476834597,0.700801747
1,-0.612201525,-3.985084581
1,-7.710730224,9.170508266
1,-11.69369974,-2.976507184
0,-4.145620391,-1.394713008
1,6.887681841,1.790098139
0,1.562019696,-13.00401632
1,6.936326177,11.29177623
1,9.199871827,-22.3509066
0,-3.642921936,-13.05641218
1,0.916704366,5.017450708
1,4.199023212,0.120473305
0,-19.93273494,-13.91875046
1,3.212228863,-6.022883758
1,-5.908926301,-2.523818282
0,-9.825532036,4.919015543
0,-8.51327769,9.266597492
1,-2.421765311,-2.798500612
0,0.547912897,3.188529057
1,0.357557258,0.988041558
1,-2.415476061,4.140664116
1,7.721820986,-11.70701285
0,-2.042686087,20.34986998
1,-5.111770223,-2.379738535
0,1.368958681,-2.094726544
1,12.8788548,2.030295966
1,-4.587705578,13.94068515
1,-4.808896689,-3.523790174
1,9.203742824,-5.18138177
1,-0.413004966,8.176073414
1,-2.079847904,-2.769725947
1,14.89935285,1.94237805
1,4.521745997,16.30681614
1,20.17141214,10.25952276
1,-0.121414979,-5.674649083
0,-5.744280023,-15.23183218
1,16.52438257,6.808378009
0,0.431632382,0.256171852
0,1.951175363,6.35139287
0,8.012036156,-14.92041404
0,-13.87587727,-0.505008761
1,8.460671545,-9.496949712
0,-12.95615556,-16.50132547
1,-1.755208222,4.28028862
1,-4.429094467,-8.42173323
1,2.85116,-3.98388694
1,6.254748308,2.489123611
1,-9.850853473,-3.111855158
1,20.1551831,-5.427661049
1,14.89734097,-5.066118371
1,-12.99561609,6.765684066
1,-1.497205659,17.28663345
1,18.07462221,5.865250313
1,12.1598953,15.5651961
1,12.06533508,-17.4371681
1,7.23980131,5.859472742
1,1.556469198,-9.118707272
1,15.19595368,-4.123691546
0,-14.64995682,-3.028014978
0,7.159724381,-5.414228179
1,0.20986908,6.228937557
1,0.113252795,8.274820991
0,-8.122810525,9.242752832
1,0.299590254,21.35814898
1,2.788855639,-9.692839984
1,6.952554441,-8.919279032
0,-4.104712861,-0.387738759
1,-5.644131205,10.22410726
1,-8.441229577,7.378123925
0,5.818216581,-12.44746871
0,-12.47037297,-13.95141857
0,4.472044184,-33.1137621
1,8.988659584,11.9019956
0,-8.490953658,7.283114723
1,6.726073327,-3.154329326
1,-4.356879561,18.538506
1,20.81864339,10.20583101
1,6.318536035,-7.333583513
0,9.55160037,10.5742663
0,-2.541723801,-7.394991161
1,0.558821409,9.015912768
0,-2.318056177,0.342695777
1,1.093399824,1.296923004
0,-2.301336209,-11.21555651
0,-1.622730052,5.226699822
0,10.96810676,-11.26510402
0,-3.207370485,-23.80923899
1,-17.46156653,3.687983263
1,9.979650459,8.300671477
1,18.20162919,-9.374755708
1,0.791752594,13.3549788
0,-13.16518261,-9.361508162
1,8.923806802,17.22748091
1,1.336001424,4.26718903
1,9.400027593,-5.608292558
1,-0.092296297,-6.008440871
1,-4.172114825,4.735040589
1,-18.63224672,0.180668847
0,3.67920336,-4.097886099
0,10.76347391,-15.39301099
0,-13.58323405,4.805495535
1,11.99451612,-22.36144504
1,22.18570909,-9.970909579
1,17.18562083,-13.0933278
0,-3.174451488,-6.510969681
0,-12.80344038,8.879427607
0,0.149190425,3.9645124
1,7.768930113,0.011417214
1,4.149612867,3.230985356
1,-1.391694955,4.246917097
1,12.15852145,9.865699243
0,-28.87097188,-22.7874295
1,12.33141135,-19.4875614
1,0.144886073,-11.95388309
1,6.484367494,-7.802222536
1,-7.012315561,-8.152586107
1,-6.225584952,13.66374906
1,5.6312862,-1.741794981
0,-17.72088483,-4.864316322
0,1.755087482,-6.719714898
1,7.627665604,6.145836529
0,-24.27846375,-13.25775199
0,-9.495381589,2.247104147
1,4.062707823,12.47583676
1,-0.362284817,-10.18229385
0,-7.570090595,-6.636479618
0,10.53648137,-24.72887571
1,0.853625283,5.441466333
1,-4.977033848,8.036586459
1,12.36286828,9.7355684
1,2.258047294,11.77106977
1,-1.114913802,8.955229997
1,6.815234538,-11.2566245
1,8.534304739,-8.034422912
0,-13.16897707,-1.827716253
0,-5.686523654,-3.934130887
0,-0.105750519,-20.79725439
0,0.063010501,-9.936562069
1,-8.128011005,4.689021596
1,8.017840468,5.671693302
1,18.07085626,9.140366918
1,-2.031602225,3.503185444
0,-6.118984137,-11.46775523
0,-1.233994132,-11.86127725
1,-3.213991848,0.649526336
1,0.725915749,-8.231500919
0,5.973564187,-14.5430072
1,6.597088985,-6.415683959
0,-3.273614583,-13.81056873
0,6.60439977,-11.38940075
0,-2.591729879,-1.625821161
0,-4.710636548,-13.37596236
1,0.748224494,-17.30901706
1,17.75480361,13.84660758
0,-18.78278126,-10.98635381
1,-4.5155023,0.31205438
1,2.719736655,-1.102659967
0,10.28084633,8.376278497
1,7.626118572,8.779684609
1,2.254071332,-4.352736642
0,-10.42215353,14.76551916
0,8.213441005,0.725368353
1,11.75576603,-3.882210467
1,-0.536534227,-0.094783846
0,-4.300616521,-9.13343701
0,-8.163666247,7.539680736
0,6.06177064,-19.95027487
0,-15.206738,-2.299756001
1,15.12687753,-3.419352434
1,4.166561664,6.18218833
1,-3.1458117,2.285007415
1,8.229208973,7.938290218
0,-15.81197527,-14.94030764
0,-14.40275726,3.916740121
1,5.822072309,-8.378681172
0,-9.373552666,-7.654400899
1,9.029550126,12.51354042
1,-13.48958108,0.643498059
0,-10.94861732,-9.254835022
0,-4.283144707,-6.854048758
1,8.409002103,-1.272906188
1,13.58356522,-8.419793214
1,0.555034164,8.679003901
0,1.46790757,-11.73051038
1,1.453786916,4.275755552
1,1.464856445,6.439994947
0,-4.328753081,-7.983810279
1,-0.510494578,1.593022274
1,-15.26582658,-12.30349754
1,11.05155573,-10.35515667
0,-2.898804448,-9.191317434
1,7.528706263,7.899852721
1,1.634861048,11.97567196
1,5.441720597,-2.460300312
1,13.26102345,-19.97644287
1,-0.488886477,16.82399205
1,-4.239874005,7.228737666
1,1.845364681,-1.404751693
1,-4.129722332,2.132002867
1,6.12067122,-13.36493785
0,-4.991999879,-0.738013763
1,19.73771235,-3.500422682
0,3.642475114,-4.462589024
0,-11.41437897,-3.144201811
0,-18.93548437,2.245086574
1,5.351599074,-2.346861344
1,11.34689919,20.00892881
1,-8.515230746,12.4896624
1,-0.110804412,20.900059
1,2.53672198,9.209838777
0,-13.55889108,-1.711267416
1,-4.13722223,6.143926178
0,-13.03728572,-7.227858185
0,-0.150715192,2.759015013
1,12.42382918,6.656063183
1,0.219349071,13.86560526
1,10.82500718,-7.712906413
1,-0.380027393,4.011636487
0,-3.387477803,-5.365745074
1,-1.570913207,7.561296931
0,-0.259203224,6.620803969
1,0.016879998,-5.664320318
1,-2.529647088,-17.93768797
0,-6.402709183,-6.604959798
0,5.109530923,-7.836665762
1,3.674051689,-2.345735557
0,0.774126599,3.016529252
0,-9.152992021,6.13000103
1,4.645421657,-0.706536621
1,7.170253561,10.5987449
1,27.34451009,-3.378211394
0,-3.708451294,13.78923205
1,13.08022939,-5.853822271
1,9.495520787,16.93980407
0,-7.341361469,2.452953272
0,-8.368570237,12.72146245
1,1.810516724,9.898672083
0,7.006963272,-17.95015615
1,9.977672477,9.952209479
1,-12.00633046,8.434017162
1,-14.05407898,-11.77722669
1,-5.630776441,-1.680544548
1,-4.591516244,2.846841567
1,8.545368633,-8.968877958
1,-0.711523417,-8.911412844
1,-5.863159041,6.248406266
1,-0.432386633,6.717283193
1,-6.706586885,-5.105424698
0,1.73723635,-8.643976877
1,-1.855721009,-6.880942711
1,5.721453498,7.975448135
1,-2.247304497,-7.589100808
1,22.83848947,-4.169024397
0,-3.530768843,15.20805419
1,8.047583675,-8.264282541
1,2.117294504,7.194447006
1,-6.378019529,3.812501547
0,-4.826611233,-7.732446321
1,7.739600853,9.095537305
1,-6.047344262,-3.754210581
1,20.97582998,0.488923498
1,-2.45152737,3.329907625
0,-15.72099684,-5.773266236
1,-3.720031839,-0.44252659
1,0.960745872,22.06862734
1,12.21759588,1.867273284
1,-6.89199661,-4.753704611
1,3.785218919,6.009214589
0,10.71952575,-11.41169514
1,9.137002142,1.220692712
1,6.058642796,23.26113381
0,-5.77565468,-10.76948373
1,-8.863960584,-2.114613891
0,-19.95321073,2.168065451
0,-6.861376547,-22.33058708
1,3.014007642,19.67937262
1,10.535251,-3.818239183
1,-9.352832273,-3.910931209
1,0.957203202,7.482805459
1,-7.258696207,5.714699757
1,4.844168798,9.130266995
0,-15.51346159,1.799873762
1,3.72630071,-0.170622318
1,-9.662022631,1.919496527
0,-16.36055357,-1.63643941
0,-8.146491887,8.195504887
0,-12.90486437,-17.68286365
0,4.380823758,3.291374089
1,4.981188444,11.43102415
0,-10.49901362,-12.0358979
1,18.91239863,1.127842862
0,-23.64699279,4.177571465
0,-3.957688557,5.021877776
1,3.093891807,-6.591440341
0,-7.85147292,-8.021287308
0,-0.021910065,-5.837190955
0,11.50030415,-18.48308956
0,1.187289909,-0.14392006
0,-19.06649575,-10.66526893
0,-11.79948009,1.816907891
1,2.662332855,-8.731523672
1,9.540027819,0.407359538
0,-2.544459291,3.534344165
1,27.590923,-2.486762293
1,11.33705967,-3.027142646
1,5.977410317,-9.68138252
1,4.343127051,6.500088117
0,-6.044149989,11.276149
0,-11.72471724,-0.265404086
1,-3.087035866,2.999992551
0,-1.976246001,4.592423874
0,-17.488446,10.78258004
1,-2.306404458,12.43038017
1,9.383075628,8.788421271
1,10.99265176,9.173020641
0,-11.74980317,-8.063552187
0,-3.820876573,-21.78481774
1,4.831841219,-1.858174992
1,-10.03375778,-5.690685798
0,-6.487279512,2.478117393
1,-4.274978778,-17.0439026
1,4.142187091,6.559752503
1,9.342397848,5.257561216
0,-1.839551204,-26.58665232
1,9.240589743,-8.186303016
1,-0.213767896,-1.631864383
0,-0.802504475,-1.505133102
1,10.27247594,27.46255289
1,-4.365050343,1.16771263
1,5.626705153,7.441580341
0,-6.979061909,-28.1007715
0,-20.91223754,-12.95258772
1,13.88976452,8.862023758
0,-13.80220211,9.224868895
1,-2.401700939,-4.159813273
1,7.415223954,-3.485774178
1,11.34323766,-10.03499153
1,-11.15143694,-8.44992687
1,-1.281093801,11.5871019
1,18.81251435,6.121875202
1,4.652618728,8.860450573
0,-0.735959381,-6.393767671
1,1.04470914,-2.363481346
0,-21.81780473,-12.25451727
0,-28.04620361,-4.84355573
1,12.59603351,4.06589326
0,-22.97237265,0.305955481
1,11.91789654,-11.99350532
0,-5.242663937,-9.675487475
1,2.411378451,-6.965742628
1,4.116298618,6.450895886
0,-0.347242768,6.521030052
1,2.316232195,-3.628855926
1,7.487076558,-1.883482586
1,10.34262891,5.320305262
1,12.40709817,-26.18058879
0,-11.30050845,1.204726833
1,-12.21616972,12.602321
1,12.83599999,-4.068433415
1,-6.942279769,-5.092706411
1,10.40403119,5.232340451
1,-1.838953265,10.160039
0,-1.174139179,-4.542211858
0,-7.276791468,-7.018442769
1,8.793115036,3.142663877
1,12.86036384,6.744372924
1,-0.636719843,5.436241189
1,2.317370339,-2.577061505
1,-4.7931186,22.52427211
1,25.97543902,-12.23585962
1,21.90110645,-5.734698182
1,3.462594917,3.647451542
1,-2.758954312,0.638383871
1,1.61115977,2.636238429
1,2.859977138,10.27350403
1,7.332105146,17.80932399
0,-28.18750896,9.285568129
1,11.40051384,1.732277532
1,-7.322061537,16.10853314
1,5.472103649,-3.788163514
0,-31.08127721,-6.353847764
0,4.400737921,-28.95430594
1,-6.010989977,2.332435977
1,-8.131375501,24.48219878
1,7.016486437,3.844761272
1,-13.14852029,32.91525105
1,3.159644493,8.079971362
1,-0.707901409,2.200051718
1,6.307697795,-5.399042946
0,0.656317289,-0.932860332
0,-11.20078303,-8.693358346
1,3.894981622,17.59289155
1,9.782391606,7.027341865
1,1.751354342,16.66270409
0,-13.64851956,8.000391067
0,0.797855727,4.384959856
1,-6.00952148,14.66511978
1,6.937478044,-2.836955748
0,-15.64073275,-5.71612033
1,-11.57871473,2.575090243
1,7.206126577,14.00720131
0,1.860823006,2.978792465
1,-1.162788172,23.2076364
1,1.416203182,13.16450838
0,-8.677528378,11.24942792
1,1.095804368,5.196425246
1,-1.767478756,-3.532802336
1,-5.482594708,6.81080732
0,-1.045781816,5.550010043
1,28.08843416,-12.52644042
1,23.81919828,-6.3064807
1,2.636357365,8.059950455
